{"cameraMode":{"drawMode":0,"name":"Shaded","section":"Shading Mode"},"sceneLighting":false,"audioPlay":false,"sceneViewState":{"showFog":true,"showMaterialUpdate":false,"showSkybox":false,"showFlares":true,"showImageEffects":true,"showParticleSystems":true},"in2DMode":false,"pivot":{"x":-4.626683712005615,"y":0.48132702708244326,"z":4.0316948890686039},"rotation":{"x":-0.00040423110476695,"y":0.9991450309753418,"z":-0.041688308119773868,"w":-0.008491409942507744},"size":0.44820672273635867,"orthographic":false}