{"cameraMode":{"drawMode":0,"name":"Shaded","section":"Shading Mode"},"sceneLighting":false,"audioPlay":false,"sceneViewState":{"showFog":true,"showMaterialUpdate":false,"showSkybox":false,"showFlares":true,"showImageEffects":true,"showParticleSystems":true},"in2DMode":false,"pivot":{"x":-4.626683712005615,"y":0.48132702708244326,"z":4.0316948890686039},"rotation":{"x":-0.1355857253074646,"y":0.585422933101654,"z":-0.10038460791110993,"w":-0.7930822968482971},"size":0.5907319784164429,"orthographic":false}