{"cameraMode":{"drawMode":0,"name":"Shaded","section":"Shading Mode"},"sceneLighting":false,"audioPlay":false,"sceneViewState":{"showFog":true,"showMaterialUpdate":false,"showSkybox":false,"showFlares":true,"showImageEffects":true,"showParticleSystems":true},"in2DMode":false,"pivot":{"x":1.0499999523162842,"y":0.0,"z":-0.5619999766349793},"rotation":{"x":0.14229722321033479,"y":-0.21782654523849488,"z":0.032118141651153567,"w":0.9650279879570007},"size":0.34299221634864809,"orthographic":true}