{"cameraMode":{"drawMode":0,"name":"Shaded","section":"Shading Mode"},"sceneLighting":true,"audioPlay":false,"sceneViewState":{"showFog":true,"showMaterialUpdate":false,"showSkybox":true,"showFlares":true,"showImageEffects":true,"showParticleSystems":true},"in2DMode":false,"pivot":{"x":-7.597539901733398,"y":1.1343958377838135,"z":-0.3323381543159485},"rotation":{"x":0.1339111030101776,"y":-0.6846050024032593,"z":0.13010574877262116,"w":0.7046011090278626},"size":2.0586655139923097,"orthographic":false}