{"cameraMode":{"drawMode":0,"name":"Shaded","section":"Shading Mode"},"sceneLighting":false,"audioPlay":false,"sceneViewState":{"showFog":true,"showMaterialUpdate":false,"showSkybox":false,"showFlares":true,"showImageEffects":true,"showParticleSystems":true},"in2DMode":false,"pivot":{"x":0.8469998836517334,"y":0.5938040018081665,"z":-0.777999997138977},"rotation":{"x":0.10881243646144867,"y":-0.43511149287223818,"z":0.052972204983234408,"w":0.8922872543334961},"size":1.2374392747879029,"orthographic":false}