{"cameraMode":{"drawMode":0,"name":"Shaded","section":"Shading Mode"},"sceneLighting":false,"audioPlay":false,"sceneViewState":{"showFog":true,"showMaterialUpdate":false,"showSkybox":false,"showFlares":true,"showImageEffects":true,"showParticleSystems":true},"in2DMode":false,"pivot":{"x":0.18224841356277467,"y":1.2019052505493165,"z":0.5340201258659363},"rotation":{"x":0.2816704511642456,"y":-0.23968607187271119,"z":0.07286733388900757,"w":0.9262742400169373},"size":0.17184561491012574,"orthographic":false}