{"cameraMode":{"drawMode":0,"name":"Shaded","section":"Shading Mode"},"sceneLighting":true,"audioPlay":false,"sceneViewState":{"showFog":true,"showMaterialUpdate":false,"showSkybox":true,"showFlares":true,"showImageEffects":true,"showParticleSystems":true},"in2DMode":false,"pivot":{"x":-8.723316192626954,"y":-0.42075514793395998,"z":4.459174633026123},"rotation":{"x":-0.16358830034732819,"y":0.47009146213531496,"z":-0.0893881544470787,"w":-0.8627958297729492},"size":4.2893266677856449,"orthographic":false}