{"cameraMode":{"drawMode":0,"name":"Shaded","section":"Shading Mode"},"sceneLighting":false,"audioPlay":false,"sceneViewState":{"showFog":true,"showMaterialUpdate":false,"showSkybox":false,"showFlares":true,"showImageEffects":true,"showParticleSystems":true},"in2DMode":false,"pivot":{"x":-2.5205764770507814,"y":-0.7689216732978821,"z":4.475733280181885},"rotation":{"x":-0.21031218767166139,"y":-0.597080409526825,"z":0.16613614559173585,"w":-0.756193220615387},"size":1.5288405418395997,"orthographic":false}