{"cameraMode":{"drawMode":0,"name":"Shaded","section":"Shading Mode"},"sceneLighting":false,"audioPlay":false,"sceneViewState":{"showFog":true,"showMaterialUpdate":false,"showSkybox":false,"showFlares":true,"showImageEffects":true,"showParticleSystems":true},"in2DMode":false,"pivot":{"x":-6.517317771911621,"y":4.068838119506836,"z":5.918369770050049},"rotation":{"x":0.014338928274810315,"y":0.6790844202041626,"z":0.01349590253084898,"w":-0.7339105010032654},"size":11.078934669494629,"orthographic":false}