{"cameraMode":{"drawMode":0,"name":"Shaded","section":"Shading Mode"},"sceneLighting":true,"audioPlay":false,"sceneViewState":{"showFog":true,"showMaterialUpdate":false,"showSkybox":true,"showFlares":true,"showImageEffects":true,"showParticleSystems":true},"in2DMode":false,"pivot":{"x":0.8309999704360962,"y":0.8880000114440918,"z":0.3930000066757202},"rotation":{"x":0.18759585916996003,"y":-0.261629194021225,"z":0.05191873013973236,"w":0.9453368782997131},"size":0.5859596133232117,"orthographic":true}