{"cameraMode":{"drawMode":0,"name":"Shaded","section":"Shading Mode"},"sceneLighting":true,"audioPlay":false,"sceneViewState":{"showFog":true,"showMaterialUpdate":false,"showSkybox":true,"showFlares":true,"showImageEffects":true,"showParticleSystems":true},"in2DMode":false,"pivot":{"x":1.2051949501037598,"y":0.8835198283195496,"z":0.2592615783214569},"rotation":{"x":0.10575758665800095,"y":-0.06826940923929215,"z":0.007235067430883646,"w":0.992059588432312},"size":1.3721046447753907,"orthographic":false}