{"cameraMode":{"drawMode":0,"name":"Shaded","section":"Shading Mode"},"sceneLighting":true,"audioPlay":false,"sceneViewState":{"showFog":true,"showMaterialUpdate":false,"showSkybox":true,"showFlares":true,"showImageEffects":true,"showParticleSystems":true},"in2DMode":false,"pivot":{"x":-2.0569727420806886,"y":14.716524124145508,"z":86.43922424316406},"rotation":{"x":0.06913503259420395,"y":0.014586323872208596,"z":0.0010719731217250229,"w":-0.9976063966751099},"size":46.227603912353519,"orthographic":false}