{"cameraMode":{"drawMode":0,"name":"Shaded","section":"Shading Mode"},"sceneLighting":false,"audioPlay":false,"sceneViewState":{"showFog":true,"showMaterialUpdate":false,"showSkybox":false,"showFlares":true,"showImageEffects":true,"showParticleSystems":true},"in2DMode":false,"pivot":{"x":-4.550612449645996,"y":1.3157856464385987,"z":-0.6446713805198669},"rotation":{"x":-0.010713022202253342,"y":-0.7612079977989197,"z":-0.012801575474441052,"w":0.6484492421150208},"size":1.2467645406723023,"orthographic":false}