{"cameraMode":{"drawMode":0,"name":"Shaded","section":"Shading Mode"},"sceneLighting":true,"audioPlay":false,"sceneViewState":{"showFog":true,"showMaterialUpdate":false,"showSkybox":true,"showFlares":true,"showImageEffects":true,"showParticleSystems":true},"in2DMode":false,"pivot":{"x":-13.551948547363282,"y":-6.657896995544434,"z":-20.714595794677736},"rotation":{"x":-0.033426668494939807,"y":0.9664546251296997,"z":-0.17018094658851624,"w":-0.189569354057312},"size":12.6436185836792,"orthographic":false}