{"cameraMode":{"drawMode":0,"name":"Shaded","section":"Shading Mode"},"sceneLighting":false,"audioPlay":false,"sceneViewState":{"showFog":true,"showMaterialUpdate":false,"showSkybox":false,"showFlares":true,"showImageEffects":true,"showParticleSystems":true},"in2DMode":false,"pivot":{"x":-0.01907077431678772,"y":0.019811302423477174,"z":0.0019565224647521974},"rotation":{"x":-0.2509642541408539,"y":0.2065863162279129,"z":-0.05490689352154732,"w":-0.9441179037094116},"size":0.28380778431892397,"orthographic":false}