{"cameraMode":{"drawMode":0,"name":"Shaded","section":"Shading Mode"},"sceneLighting":true,"audioPlay":false,"sceneViewState":{"showFog":true,"showMaterialUpdate":false,"showSkybox":true,"showFlares":true,"showImageEffects":true,"showParticleSystems":true},"in2DMode":false,"pivot":{"x":67.7129135131836,"y":-54.25131607055664,"z":-215.27818298339845},"rotation":{"x":0.01890743337571621,"y":0.9808228015899658,"z":-0.12104792892932892,"w":0.15242688357830048},"size":115.84898376464844,"orthographic":false}