{"cameraMode":{"drawMode":0,"name":"Shaded","section":"Shading Mode"},"sceneLighting":false,"audioPlay":false,"sceneViewState":{"showFog":true,"showMaterialUpdate":false,"showSkybox":false,"showFlares":true,"showImageEffects":true,"showParticleSystems":true},"in2DMode":false,"pivot":{"x":-4.505609512329102,"y":0.37207669019699099,"z":1.3176435232162476},"rotation":{"x":-0.00100329436827451,"y":-0.9989806413650513,"z":0.03418019413948059,"w":-0.030886955559253694},"size":1.5393967628479005,"orthographic":false}