{"cameraMode":{"drawMode":0,"name":"Shaded","section":"Shading Mode"},"sceneLighting":false,"audioPlay":false,"sceneViewState":{"showFog":true,"showMaterialUpdate":false,"showSkybox":false,"showFlares":true,"showImageEffects":true,"showParticleSystems":true},"in2DMode":false,"pivot":{"x":0.08407774567604065,"y":-0.10465212166309357,"z":2.1894235610961916},"rotation":{"x":0.022188831120729448,"y":0.02678663656115532,"z":-0.0006888535572215915,"w":0.9994404315948486},"size":1.2388700246810914,"orthographic":false}