{"cameraMode":{"drawMode":0,"name":"Shaded","section":"Shading Mode"},"sceneLighting":false,"audioPlay":false,"sceneViewState":{"showFog":true,"showMaterialUpdate":false,"showSkybox":false,"showFlares":true,"showImageEffects":true,"showParticleSystems":true},"in2DMode":false,"pivot":{"x":0.0164591446518898,"y":0.022469401359558107,"z":0.01057232916355133},"rotation":{"x":-0.21267077326774598,"y":0.20577870309352876,"z":-0.0458589605987072,"w":-0.9541264176368713},"size":0.1563359647989273,"orthographic":false}